menufile,ui_mp\hud.menu
menufile,ui_mp\hud.txt
menufile,ui_mp\menuitems.menu
menufile,ui_mp\ingame.txt
menufile,ui_mp\wm_quickmessage.menu
menufile,ui_mp\scriptmenus\quickresponses.menu
menufile,ui_mp\scriptmenus\opencj_ingame.menu
menufile,ui_mp\scriptmenus\opencj_clientcmd.menu
menufile,ui_mp\scriptmenus\opencj_fps_userinfo.menu
menufile,ui_mp\scriptmenus\opencj_leaderboard.menu
menufile,ui_mp\scriptmenus\opencj_lb_fps.menu
menufile,ui_mp\scriptmenus\opencj_endmapvote.menu
menufile,ui_mp\scriptmenus\opencj_runsboard.menu
menufile,ui_mp\scriptmenus\opencj_maplist.menu
material,opencj_key_a
material,opencj_key_d
material,opencj_key_s
material,opencj_key_w
material,opencj_key_jump
material,opencj_key_sprint
material,opencj_checkpoint_blue
material,opencj_checkpoint_cyan
material,opencj_checkpoint_green
material,opencj_checkpoint_orange
material,opencj_checkpoint_purple
material,opencj_checkpoint_red
material,opencj_checkpoint_yellow
material,opencj_checkpoint_blue_obj
material,opencj_checkpoint_cyan_obj
material,opencj_checkpoint_green_obj
material,opencj_checkpoint_orange_obj
material,opencj_checkpoint_purple_obj
material,opencj_checkpoint_red_obj
material,opencj_checkpoint_yellow_obj
material,opencj_minimapbg
material,opencj_icon_ele
material,opencj_icon_anypct
material,opencj_icon_tas
material,opencj_icon_leftarrow
material,opencj_icon_rightarrow
material,opencj_icon_uparrow
material,opencj_icon_downarrow
material,opencj_icon_fps_any
material,opencj_icon_fps_classic
material,opencj_icon_fps_standard
material,opencj_icon_halfbeat
material,default
material,opencj_logo_nobg
material,opencj_icon_exit
material,opencj_icon_gear
xmodel,body_mp_usmc_specops
xmodel,head_mp_usmc_tactical_mich_stripes_nomex
xmodel,viewmodel_base_viewhands
material,opencj_checkpoint_tint
material,opencj_checkpoint_tint_obj
material,opencj_checkpoint_aqua
material,opencj_checkpoint_aqua_obj
material,opencj_checkpoint_lime
material,opencj_checkpoint_lime_obj
material,opencj_checkpoint_gold
material,opencj_checkpoint_gold_obj
material,opencj_checkpoint_orng
material,opencj_checkpoint_orng_obj
material,opencj_checkpoint_soft
material,opencj_checkpoint_soft_obj
material,opencj_checkpoint_dark
material,opencj_checkpoint_dark_obj
material,opencj_checkpoint_lila
material,opencj_checkpoint_lila_obj
material,opencj_checkpoint_pink
material,opencj_checkpoint_pink_obj
menufile,ui_mp\scriptmenus\opencj_demo.menu
sound,opencj_ui,,all_mp
fx,misc/lighthaze
sound,opencj_effects,,all_mp
menufile,ui_mp/scriptmenus/opencj_clips.menu
menufile,ui_mp/scriptmenus/opencj_graphics.menu
menufile,ui_mp/scriptmenus/opencj_clipedit.menu
menufile,ui_mp/opencj_scoreboard.menu
rawfile,ui_mp/opencj_scoreboard_keys.cfg
rawfile,ui_mp/opencj_scoreboard_down.cfg
rawfile,ui_mp/opencj_scoreboard_up.cfg
rawfile,ui_mp/opencj_scoreboard_reset.cfg

// Country flags: flag-icons v7.5.0 (MIT), see licenses/flag-icons.txt
material,opencj_flag_ad
material,opencj_flag_ae
material,opencj_flag_af
material,opencj_flag_ag
material,opencj_flag_ai
material,opencj_flag_al
material,opencj_flag_am
material,opencj_flag_ao
material,opencj_flag_aq
material,opencj_flag_ar
material,opencj_flag_as
material,opencj_flag_at
material,opencj_flag_au
material,opencj_flag_aw
material,opencj_flag_ax
material,opencj_flag_az
material,opencj_flag_ba
material,opencj_flag_bb
material,opencj_flag_bd
material,opencj_flag_be
material,opencj_flag_bf
material,opencj_flag_bg
material,opencj_flag_bh
material,opencj_flag_bi
material,opencj_flag_bj
material,opencj_flag_bl
material,opencj_flag_bm
material,opencj_flag_bn
material,opencj_flag_bo
material,opencj_flag_bq
material,opencj_flag_br
material,opencj_flag_bs
material,opencj_flag_bt
material,opencj_flag_bv
material,opencj_flag_bw
material,opencj_flag_by
material,opencj_flag_bz
material,opencj_flag_ca
material,opencj_flag_cc
material,opencj_flag_cd
material,opencj_flag_cf
material,opencj_flag_cg
material,opencj_flag_ch
material,opencj_flag_ci
material,opencj_flag_ck
material,opencj_flag_cl
material,opencj_flag_cm
material,opencj_flag_cn
material,opencj_flag_co
material,opencj_flag_cp
material,opencj_flag_cr
material,opencj_flag_cu
material,opencj_flag_cv
material,opencj_flag_cw
material,opencj_flag_cx
material,opencj_flag_cy
material,opencj_flag_cz
material,opencj_flag_de
material,opencj_flag_dg
material,opencj_flag_dj
material,opencj_flag_dk
material,opencj_flag_dm
material,opencj_flag_do
material,opencj_flag_dz
material,opencj_flag_ec
material,opencj_flag_ee
material,opencj_flag_eg
material,opencj_flag_eh
material,opencj_flag_er
material,opencj_flag_es
material,opencj_flag_et
material,opencj_flag_eu
material,opencj_flag_fi
material,opencj_flag_fj
material,opencj_flag_fk
material,opencj_flag_fm
material,opencj_flag_fo
material,opencj_flag_fr
material,opencj_flag_ga
material,opencj_flag_gb
material,opencj_flag_gd
material,opencj_flag_ge
material,opencj_flag_gf
material,opencj_flag_gg
material,opencj_flag_gh
material,opencj_flag_gi
material,opencj_flag_gl
material,opencj_flag_gm
material,opencj_flag_gn
material,opencj_flag_gp
material,opencj_flag_gq
material,opencj_flag_gr
material,opencj_flag_gs
material,opencj_flag_gt
material,opencj_flag_gu
material,opencj_flag_gw
material,opencj_flag_gy
material,opencj_flag_hk
material,opencj_flag_hm
material,opencj_flag_hn
material,opencj_flag_hr
material,opencj_flag_ht
material,opencj_flag_hu
material,opencj_flag_ic
material,opencj_flag_id
material,opencj_flag_ie
material,opencj_flag_il
material,opencj_flag_im
material,opencj_flag_in
material,opencj_flag_io
material,opencj_flag_iq
material,opencj_flag_ir
material,opencj_flag_is
material,opencj_flag_it
material,opencj_flag_je
material,opencj_flag_jm
material,opencj_flag_jo
material,opencj_flag_jp
material,opencj_flag_ke
material,opencj_flag_kg
material,opencj_flag_kh
material,opencj_flag_ki
material,opencj_flag_km
material,opencj_flag_kn
material,opencj_flag_kp
material,opencj_flag_kr
material,opencj_flag_kw
material,opencj_flag_ky
material,opencj_flag_kz
material,opencj_flag_la
material,opencj_flag_lb
material,opencj_flag_lc
material,opencj_flag_li
material,opencj_flag_lk
material,opencj_flag_lr
material,opencj_flag_ls
material,opencj_flag_lt
material,opencj_flag_lu
material,opencj_flag_lv
material,opencj_flag_ly
material,opencj_flag_ma
material,opencj_flag_mc
material,opencj_flag_md
material,opencj_flag_me
material,opencj_flag_mf
material,opencj_flag_mg
material,opencj_flag_mh
material,opencj_flag_mk
material,opencj_flag_ml
material,opencj_flag_mm
material,opencj_flag_mn
material,opencj_flag_mo
material,opencj_flag_mp
material,opencj_flag_mq
material,opencj_flag_mr
material,opencj_flag_ms
material,opencj_flag_mt
material,opencj_flag_mu
material,opencj_flag_mv
material,opencj_flag_mw
material,opencj_flag_mx
material,opencj_flag_my
material,opencj_flag_mz
material,opencj_flag_na
material,opencj_flag_nc
material,opencj_flag_ne
material,opencj_flag_nf
material,opencj_flag_ng
material,opencj_flag_ni
material,opencj_flag_nl
material,opencj_flag_no
material,opencj_flag_np
material,opencj_flag_nr
material,opencj_flag_nu
material,opencj_flag_nz
material,opencj_flag_om
material,opencj_flag_pa
material,opencj_flag_pc
material,opencj_flag_pe
material,opencj_flag_pf
material,opencj_flag_pg
material,opencj_flag_ph
material,opencj_flag_pk
material,opencj_flag_pl
material,opencj_flag_pm
material,opencj_flag_pn
material,opencj_flag_pr
material,opencj_flag_ps
material,opencj_flag_pt
material,opencj_flag_pw
material,opencj_flag_py
material,opencj_flag_qa
material,opencj_flag_re
material,opencj_flag_ro
material,opencj_flag_rs
material,opencj_flag_ru
material,opencj_flag_rw
material,opencj_flag_sa
material,opencj_flag_sb
material,opencj_flag_sc
material,opencj_flag_sd
material,opencj_flag_se
material,opencj_flag_sg
material,opencj_flag_sh
material,opencj_flag_si
material,opencj_flag_sj
material,opencj_flag_sk
material,opencj_flag_sl
material,opencj_flag_sm
material,opencj_flag_sn
material,opencj_flag_so
material,opencj_flag_sr
material,opencj_flag_ss
material,opencj_flag_st
material,opencj_flag_sv
material,opencj_flag_sx
material,opencj_flag_sy
material,opencj_flag_sz
material,opencj_flag_tc
material,opencj_flag_td
material,opencj_flag_tf
material,opencj_flag_tg
material,opencj_flag_th
material,opencj_flag_tj
material,opencj_flag_tk
material,opencj_flag_tl
material,opencj_flag_tm
material,opencj_flag_tn
material,opencj_flag_to
material,opencj_flag_tr
material,opencj_flag_tt
material,opencj_flag_tv
material,opencj_flag_tw
material,opencj_flag_tz
material,opencj_flag_ua
material,opencj_flag_ug
material,opencj_flag_um
material,opencj_flag_un
material,opencj_flag_us
material,opencj_flag_uy
material,opencj_flag_uz
material,opencj_flag_va
material,opencj_flag_vc
material,opencj_flag_ve
material,opencj_flag_vg
material,opencj_flag_vi
material,opencj_flag_vn
material,opencj_flag_vu
material,opencj_flag_wf
material,opencj_flag_ws
material,opencj_flag_xk
material,opencj_flag_xx
material,opencj_flag_ye
material,opencj_flag_yt
material,opencj_flag_za
material,opencj_flag_zm
material,opencj_flag_zw

menufile,ui_mp/scriptmenus/opencj_scoreboard_setup.menu

menufile,ui_mp/scriptmenus/opencj_challenges.menu
material,opencj_rank_1
material,opencj_rank_2
material,opencj_rank_3
material,opencj_rank_4
material,opencj_rank_5
material,opencj_rank_6
material,opencj_rank_7
material,opencj_rank_8
material,opencj_rank_9
material,opencj_rank_10
menufile,ui_mp/scriptmenus/opencj_scoreboard_input.menu
material,opencj_competitive
material,opencj_ch_row_0
material,opencj_ch_row_1
material,opencj_ch_row_2
material,opencj_ch_row_3
menufile,ui_mp/scriptmenus/opencj_shop.menu
material,weapon_desert_eagle
material,weapon_rpg7
menufile,ui_mp/scriptmenus/opencj_shop_confirm.menu
menufile,ui_mp/scriptmenus/opencj_shop_inspect.menu
